{"cameraMode":{"drawMode":0,"name":"Shaded","section":"Shading Mode"},"sceneLighting":false,"audioPlay":false,"sceneViewState":{"showFog":true,"showMaterialUpdate":false,"showSkybox":false,"showFlares":true,"showImageEffects":true,"showParticleSystems":true},"in2DMode":false,"pivot":{"x":-0.04743671417236328,"y":7.479164123535156,"z":0.0006744861602783203},"rotation":{"x":0.10530639439821243,"y":-0.1850249171257019,"z":0.019979845732450486,"w":0.9769039750099182},"size":6.996881008148193,"orthographic":false}