{"cameraMode":{"drawMode":0,"name":"Shaded","section":"Shading Mode"},"sceneLighting":false,"audioPlay":false,"sceneViewState":{"showFog":true,"showMaterialUpdate":false,"showSkybox":false,"showFlares":true,"showImageEffects":true,"showParticleSystems":true},"in2DMode":false,"pivot":{"x":-4.374572277069092,"y":16.27170181274414,"z":3.4146957397460939},"rotation":{"x":0.15423642098903657,"y":0.6611518859863281,"z":-0.14154034852981568,"w":0.7204566597938538},"size":1.445344090461731,"orthographic":false}