{"cameraMode":{"drawMode":0,"name":"Shaded","section":"Shading Mode"},"sceneLighting":true,"audioPlay":false,"sceneViewState":{"showFog":true,"showMaterialUpdate":false,"showSkybox":true,"showFlares":true,"showImageEffects":true,"showParticleSystems":true},"in2DMode":false,"pivot":{"x":-10.939541816711426,"y":50.986324310302737,"z":-1.7333683967590333},"rotation":{"x":-0.021663902327418329,"y":0.7419759631156921,"z":-0.02409096248447895,"w":-0.6697473526000977},"size":8.66025447845459,"orthographic":false}